{"RMSE": 0.7887197984656944, "MAE": 0.5740324989206993, "R2": 0.23599219860333198}