{"RMSE": 0.8067191564742323, "MAE": 0.5860491404827586, "R2": 0.20450291001704102}