{"RMSE": 0.8240880328999407, "MAE": 0.6089745408234687, "R2": 0.15883097760901377}