{"RMSE": 0.8009856485112348, "MAE": 0.582042389818035, "R2": 0.1684255232950227}